Metrics,Fold 1,Fold 2,Fold 3,Fold 4,Fold 5,Average
Loss,0.4255986340782222,0.484258053057334,0.2902662188691251,0.28619929227758856,0.290838119080838,0.35543206347262163
Accuracy,0.8415094614028931,0.7773584723472595,0.9018868207931519,0.8981131911277771,0.8641509413719177,0.8566037774085998
Precision,0.6626505851745605,0.5263158082962036,0.8205128312110901,0.8888888955116272,0.7547169923782349,0.7306170225143432
Recall,0.7971014380455017,0.78125,0.8421052694320679,0.6451612710952759,0.6349206566810608,0.7401077270507812
F1 Score,0.7236841917037964,0.6289308071136475,0.8311688303947449,0.7476634979248047,0.6896551251411438,0.7242204904556274
