Metrics,Fold 1,Fold 2,Fold 3,Fold 4,Fold 5,Average
Loss,0.4174073908258887,0.3681936128174557,0.34292259374085593,0.36249459140441,0.31626235737520103,0.3614561092327623
Accuracy,0.8188679218292236,0.849056601524353,0.8754717111587524,0.8641509413719177,0.8641509413719177,0.8543396234512329
Precision,0.6909090876579285,0.7307692170143127,0.8307692408561707,0.7241379022598267,0.7454545497894287,0.7444079995155335
Recall,0.5507246255874634,0.59375,0.7105262875556946,0.6774193644523621,0.6507936716079712,0.6366427898406982
F1 Score,0.6129032373428345,0.6551724076271057,0.7659574747085571,0.699999988079071,0.6949152946472168,0.685789680480957
